"doc",".rt"
"crs-imputation",7.25469493865967
"crs-imputation",6.59090900421143
"crs-imputation",1.4531238079071
"crs-imputation",5.55444097518921
"crs-imputation",175.741969108582
"crs-imputation",4.88737916946411
"crs-imputation",0.790520906448364
"crs-imputation",0.191736221313477
"crs-imputation",56.4285130500793
"crs-imputation",41.8523738384247
"crs-imputation",0.328252077102661
"crs-imputation",3.05624294281006
"crs-imputation",1.05266308784485
"crs-imputation",2.5698390007019
"crs-imputation",0.13391900062561
"img-workflow-xenium",5.71707010269165
"img-workflow-xenium",7.43621897697449
"img-workflow-xenium",0.00361418724060059
"img-workflow-xenium",0.124675035476685
"img-workflow-xenium",7.61679792404175
"img-workflow-xenium",0.72815203666687
"img-workflow-xenium",0.00443601608276367
"img-workflow-xenium",0.112619876861572
"img-workflow-xenium",2.53062891960144
"img-workflow-xenium",0.848229885101318
"img-workflow-xenium",3.7918119430542
"img-workflow-xenium",8.55941605567932
"img-workflow-xenium",2.70751905441284
"img-workflow-xenium",25.7855360507965
"img-workflow-xenium",0.0331828594207764
"img-workflow-xenium",0.0352580547332764
"img-workflow-xenium",0.00951004028320312
"img-workflow-xenium",1.85336899757385
"img-workflow-xenium",1.68450808525085
"img-workflow-cosmx",16.5222690105438
"img-workflow-cosmx",9.99183797836304
"img-workflow-cosmx",0.834238052368164
"img-workflow-cosmx",0.787958145141602
"img-workflow-cosmx",5.8750638961792
"img-workflow-cosmx",1.21153116226196
"img-workflow-cosmx",0.855283975601196
"img-workflow-cosmx",0.303457975387573
"img-workflow-cosmx",0.590447902679443
"img-workflow-cosmx",0.651724100112915
"img-workflow-cosmx",2.86351203918457
"img-workflow-cosmx",15.4218580722809
"img-workflow-cosmx",0.12359094619751
"img-workflow-cosmx",1.8006899356842
"img-workflow-cosmx",1.85082507133484
"img-workflow-cosmx",1.24215316772461
"img-workflow-cosmx",0.631623983383179
"img-workflow-cosmx",0.521689891815186
"img-workflow-cosmx",0.0751650333404541
"img-workflow-cosmx",0.162986993789673
"img-workflow-cosmx",0.17467188835144
